Nombre,Referencia,CODIGO,Rubro,COD,Familia,COD,Material,COD,Detalle,COD,Título,COD,Teñido,COD,Nombre Color,COD,Medida,Modelo,Otros Atributos,Talla,Texto
H-WME-0465,H-WME-0465-000-CRUDO,Y-W-ME-SW-4/6.5-G-000,YARN,Y-,WOOL,W-,MERINO,ME-,SUPER WASH,SW-,4/6.5,4/6.5-,GREIGE,G-,GREIGE,000,,,,,
H-WME-0465,H-WME-0465-000-CRUDO,Y-W-ME-SW-4/6.5-G-000,YARN,Y-,WOOL,W-,MERINO,ME-,SUPER WASH,SW-,4/6.5,4/6.5-,GREIGE,G-,GREIGE,000,,,,,
H-WME-0465,H-WME-0465-002-SHADOW (LICORICE),Y-W-ME-SW-4/6.5-A-002,YARN,Y-,WOOL,W-,MERINO,ME-,SUPER WASH,SW-,4/6.5,4/6.5-,ARTISANAL,A-,SHADOW (LICORICE),002,,,,,
H-WME-0465,H-WME-0465-004-STRAW,Y-W-ME-SW-4/6.5-A-004,YARN,Y-,WOOL,W-,MERINO,ME-,SUPER WASH,SW-,4/6.5,4/6.5-,ARTISANAL,A-,STRAW,004,,,,,
H-WME-0465,H-WME-0465-014-CORNHUSK,Y-W-ME-SW-4/6.5-A-014,YARN,Y-,WOOL,W-,MERINO,ME-,SUPER WASH,SW-,4/6.5,4/6.5-,ARTISANAL,A-,CORNHUSK,014,,,,,
H-WME-0465,H-WME-0465-015-SEAL GREY,Y-W-ME-SW-4/6.5-A-015,YARN,Y-,WOOL,W-,MERINO,ME-,SUPER WASH,SW-,4/6.5,4/6.5-,ARTISANAL,A-,SEAL GREY,015,,,,,
H-WME-0465,H-WME-0465-01A-CABERNET,Y-W-ME-SW-4/6.5-A-01A,YARN,Y-,WOOL,W-,MERINO,ME-,SUPER WASH,SW-,4/6.5,4/6.5-,ARTISANAL,A-,CABERNET,01A,,,,,
H-WME-0465,H-WME-0465-01E-Brandied Apricot,Y-W-ME-SW-4/6.5-A-01E,YARN,Y-,WOOL,W-,MERINO,ME-,SUPER WASH,SW-,4/6.5,4/6.5-,ARTISANAL,A-,Brandied Apricot,01E,,,,,
H-WME-0465,H-WME-0465-0E5-Soft Cloud Space Dye,Y-W-ME-SW-4/6.5-A-0E5,YARN,Y-,WOOL,W-,MERINO,ME-,SUPER WASH,SW-,4/6.5,4/6.5-,ARTISANAL,A-,Soft Cloud Space Dye,0E5,,,,,
H-WME-0465,H-WME-0465-0E6-Pond Space Dye,Y-W-ME-SW-4/6.5-A-0E6,YARN,Y-,WOOL,W-,MERINO,ME-,SUPER WASH,SW-,4/6.5,4/6.5-,ARTISANAL,A-,Pond Space Dye,0E6,,,,,
H-WME-0465,H-WME-0465-0E8-Rocky River Space Dye,Y-W-ME-SW-4/6.5-A-0E8,YARN,Y-,WOOL,W-,MERINO,ME-,SUPER WASH,SW-,4/6.5,4/6.5-,ARTISANAL,A-,Rocky River Space Dye,0E8,,,,,
H-WME-0465,H-WME-0465-0E9-Autumn Branches Space Dye,Y-W-ME-SW-4/6.5-A-0E9,YARN,Y-,WOOL,W-,MERINO,ME-,SUPER WASH,SW-,4/6.5,4/6.5-,ARTISANAL,A-,Autumn Branches Space Dye,0E9,,,,,
H-WME-0465,H-WME-0465-0EA-Toasted Marshmallow Confetti,Y-W-ME-SW-4/6.5-A-0EA,YARN,Y-,WOOL,W-,MERINO,ME-,SUPER WASH,SW-,4/6.5,4/6.5-,ARTISANAL,A-,Toasted Marshmallow Confetti,0EA,,,,,
H-WME-0465,H-WME-0465-0EB-Speckled Egg Confetti,Y-W-ME-SW-4/6.5-A-0EB,YARN,Y-,WOOL,W-,MERINO,ME-,SUPER WASH,SW-,4/6.5,4/6.5-,ARTISANAL,A-,Speckled Egg Confetti,0EB,,,,,
H-WME-0465,H-WME-0465-0EC-Dusty Confetti,Y-W-ME-SW-4/6.5-A-0EC,YARN,Y-,WOOL,W-,MERINO,ME-,SUPER WASH,SW-,4/6.5,4/6.5-,ARTISANAL,A-,Dusty Confetti,0EC,,,,,
H-WME-0465,H-WME-0465-0ED-Geode Space Dye,Y-W-ME-SW-4/6.5-A-0ED,YARN,Y-,WOOL,W-,MERINO,ME-,SUPER WASH,SW-,4/6.5,4/6.5-,ARTISANAL,A-,Geode Space Dye,0ED,,,,,
H-WME-0465,H-WME-0465-102-PRIMARY CONFETTI,Y-W-ME-SW-4/6.5-A-102,YARN,Y-,WOOL,W-,MERINO,ME-,SUPER WASH,SW-,4/6.5,4/6.5-,ARTISANAL,A-,PRIMARY CONFETTI,102,,,,,
H-WME-0465,H-WME-0465-104-CONFETTI CAKE,Y-W-ME-SW-4/6.5-A-104,YARN,Y-,WOOL,W-,MERINO,ME-,SUPER WASH,SW-,4/6.5,4/6.5-,ARTISANAL,A-,CONFETTI CAKE,104,,,,,
H-WME-0465,H-WME-0465-106-CONFETTI 16,Y-W-ME-SW-4/6.5-A-106,YARN,Y-,WOOL,W-,MERINO,ME-,SUPER WASH,SW-,4/6.5,4/6.5-,ARTISANAL,A-,CONFETTI 16,106,,,,,
H-WME-0465,H-WME-0465-112 - IRIS CONFETTI,Y-W-ME-SW-4/6.5-A-112,YARN,Y-,WOOL,W-,MERINO,ME-,SUPER WASH,SW-,4/6.5,4/6.5-,ARTISANAL,A-,IRIS CONFETTI,112,,,,,
H-WME-0465,H-WME-0465-121-BERRY CONFETTI,Y-W-ME-SW-4/6.5-A-121,YARN,Y-,WOOL,W-,MERINO,ME-,SUPER WASH,SW-,4/6.5,4/6.5-,ARTISANAL,A-,BERRY CONFETTI,121,,,,,
H-WME-0465,H-WME-0465-140-LOLIPOP CONFETTI,Y-W-ME-SW-4/6.5-A-140,YARN,Y-,WOOL,W-,MERINO,ME-,SUPER WASH,SW-,4/6.5,4/6.5-,ARTISANAL,A-,LOLIPOP CONFETTI,140,,,,,
H-WME-0465,H-WME-0465-141-STAINED GLASS CONFETTI,Y-W-ME-SW-4/6.5-A-141,YARN,Y-,WOOL,W-,MERINO,ME-,SUPER WASH,SW-,4/6.5,4/6.5-,ARTISANAL,A-,STAINED GLASS CONFETTI,141,,,,,
H-WME-0465,H-WME-0465-192-SEA MIST,Y-W-ME-SW-4/6.5-A-192,YARN,Y-,WOOL,W-,MERINO,ME-,SUPER WASH,SW-,4/6.5,4/6.5-,ARTISANAL,A-,SEA MIST,192,,,,,
H-WME-0465,H-WME-0465-193-CANDIED GINGER,Y-W-ME-SW-4/6.5-A-193,YARN,Y-,WOOL,W-,MERINO,ME-,SUPER WASH,SW-,4/6.5,4/6.5-,ARTISANAL,A-,CANDIED GINGER,193,,,,,
H-WME-0465,H-WME-0465-195-CHICORY COFFEE,Y-W-ME-SW-4/6.5-A-195,YARN,Y-,WOOL,W-,MERINO,ME-,SUPER WASH,SW-,4/6.5,4/6.5-,ARTISANAL,A-,CHICORY COFFEE,195,,,,,
H-WME-0465,H-WME-0465-196-CHOCOLATE PLUM,Y-W-ME-SW-4/6.5-A-196,YARN,Y-,WOOL,W-,MERINO,ME-,SUPER WASH,SW-,4/6.5,4/6.5-,ARTISANAL,A-,CHOCOLATE PLUM,196,,,,,
H-WME-0465,H-WME-0465-1A0-PEACHSKIN,Y-W-ME-SW-4/6.5-A-1A0,YARN,Y-,WOOL,W-,MERINO,ME-,SUPER WASH,SW-,4/6.5,4/6.5-,ARTISANAL,A-,PEACHSKIN,1A0,,,,,
H-WME-0465,H-WME-0465-1A1-ARABIAN SPICE,Y-W-ME-SW-4/6.5-A-1A1,YARN,Y-,WOOL,W-,MERINO,ME-,SUPER WASH,SW-,4/6.5,4/6.5-,ARTISANAL,A-,ARABIAN SPICE,1A1,,,,,
H-WME-0465,H-WME-0465-1A2-CHOCOLATE FONDANT,Y-W-ME-SW-4/6.5-A-1A2,YARN,Y-,WOOL,W-,MERINO,ME-,SUPER WASH,SW-,4/6.5,4/6.5-,ARTISANAL,A-,CHOCOLATE FONDANT,1A2,,,,,
H-WME-0465,H-WME-0465-1A3-CILANTRO,Y-W-ME-SW-4/6.5-A-1A3,YARN,Y-,WOOL,W-,MERINO,ME-,SUPER WASH,SW-,4/6.5,4/6.5-,ARTISANAL,A-,CILANTRO,1A3,,,,,
H-WME-0465,H-WME-0465-1A3R-CILANTRO,Y-W-ME-SW-4/6.5-A-1A3R,YARN,Y-,WOOL,W-,MERINO,ME-,SUPER WASH,SW-,4/6.5,4/6.5-,ARTISANAL,A-,CILANTRO REJECTED,1A3R,,,,,
H-WME-0465,H-WME-0465-1A4-OLIVE DRAB,Y-W-ME-SW-4/6.5-A-1A4,YARN,Y-,WOOL,W-,MERINO,ME-,SUPER WASH,SW-,4/6.5,4/6.5-,ARTISANAL,A-,OLIVE DRAB,1A4,,,,,
H-WME-0465,H-WME-0465-1A5-ICE WATER,Y-W-ME-SW-4/6.5-A-1A5,YARN,Y-,WOOL,W-,MERINO,ME-,SUPER WASH,SW-,4/6.5,4/6.5-,ARTISANAL,A-,ICE WATER,1A5,,,,,
H-WME-0465,H-WME-0465-1A7-BLACK IRIS,Y-W-ME-SW-4/6.5-A-1A7,YARN,Y-,WOOL,W-,MERINO,ME-,SUPER WASH,SW-,4/6.5,4/6.5-,ARTISANAL,A-,BLACK IRIS,1A7,,,,,
H-WME-0465,H-WME-0465-1A8-IRON,Y-W-ME-SW-4/6.5-A-1A8,YARN,Y-,WOOL,W-,MERINO,ME-,SUPER WASH,SW-,4/6.5,4/6.5-,ARTISANAL,A-,IRON,1A8,,,,,
H-WME-0465,H-WME-0465-1A9-MOUSE GRAY,Y-W-ME-SW-4/6.5-A-1A9,YARN,Y-,WOOL,W-,MERINO,ME-,SUPER WASH,SW-,4/6.5,4/6.5-,ARTISANAL,A-,MOUSE GRAY,1A9,,,,,
H-WME-0465,H-WME-0465-1AA-VANILLA CUSTARD,Y-W-ME-SW-4/6.5-A-1AA,YARN,Y-,WOOL,W-,MERINO,ME-,SUPER WASH,SW-,4/6.5,4/6.5-,ARTISANAL,A-,VANILLA CUSTARD,1AA,,,,,
H-WME-0465,H-WME-0465-1AAR-VANILLA CUSTARD,Y-W-ME-SW-4/6.5-A-1AAR,YARN,Y-,WOOL,W-,MERINO,ME-,SUPER WASH,SW-,4/6.5,4/6.5-,ARTISANAL,A-,VANILLA CUSTARD REJECTED,1AAR,,,,,
H-WME-0465,H-WME-0465-1DE-Tortoise Shell,Y-W-ME-SW-4/6.5-A-1DE,YARN,Y-,WOOL,W-,MERINO,ME-,SUPER WASH,SW-,4/6.5,4/6.5-,ARTISANAL,A-,Tortoise Shell,1DE,,,,,
H-WME-0465,H-WME-0465-1DF-Slate Rose,Y-W-ME-SW-4/6.5-A-1DF,YARN,Y-,WOOL,W-,MERINO,ME-,SUPER WASH,SW-,4/6.5,4/6.5-,ARTISANAL,A-,Slate Rose,1DF,,,,,
H-WME-0465,H-WME-0465-1E0-Muted Pink,Y-W-ME-SW-4/6.5-A-1E0,YARN,Y-,WOOL,W-,MERINO,ME-,SUPER WASH,SW-,4/6.5,4/6.5-,ARTISANAL,A-,Muted Pink,1E0,,,,,
H-WME-0465,H-WME-0465-1E1-Hushed Violet,Y-W-ME-SW-4/6.5-A-1E1,YARN,Y-,WOOL,W-,MERINO,ME-,SUPER WASH,SW-,4/6.5,4/6.5-,ARTISANAL,A-,Hushed Violet,1E1,,,,,
H-WME-0465,H-WME-0465-1E2-Navagio Bay,Y-W-ME-SW-4/6.5-A-1E2,YARN,Y-,WOOL,W-,MERINO,ME-,SUPER WASH,SW-,4/6.5,4/6.5-,ARTISANAL,A-,Navagio Bay,1E2,,,,,
H-WME-0465,H-WME-0465-1E3-Crystal Seas,Y-W-ME-SW-4/6.5-A-1E3,YARN,Y-,WOOL,W-,MERINO,ME-,SUPER WASH,SW-,4/6.5,4/6.5-,ARTISANAL,A-,Crystal Seas,1E3,,,,,
H-WME-0465,H-WME-0465-1E4-Waves Blue,Y-W-ME-SW-4/6.5-A-1E4,YARN,Y-,WOOL,W-,MERINO,ME-,SUPER WASH,SW-,4/6.5,4/6.5-,ARTISANAL,A-,Waves Blue,1E4,,,,,
H-WME-0465,H-WME-0465-1E5-Cedar Green,Y-W-ME-SW-4/6.5-A-1E5,YARN,Y-,WOOL,W-,MERINO,ME-,SUPER WASH,SW-,4/6.5,4/6.5-,ARTISANAL,A-,Cedar Green,1E5,,,,,
H-WME-0465,H-WME-0465-203-ACORN,Y-W-ME-SW-4/6.5-A-203,YARN,Y-,WOOL,W-,MERINO,ME-,SUPER WASH,SW-,4/6.5,4/6.5-,ARTISANAL,A-,ACORN,203,,,,,
H-WME-0465,H-WME-0465-204-TERRA (POTTERS CLAY),Y-W-ME-SW-4/6.5-A-204,YARN,Y-,WOOL,W-,MERINO,ME-,SUPER WASH,SW-,4/6.5,4/6.5-,ARTISANAL,A-,TERRA (POTTERS CLAY),204,,,,,
H-WME-0465,H-WME-0465-204/298-POTTER + STRING,Y-W-ME-SW-4/6.5-A-204/298,YARN,Y-,WOOL,W-,MERINO,ME-,SUPER WASH,SW-,4/6.5,4/6.5-,ARTISANAL,A-,POTTER + STRING,204/298,,,,,
H-WME-0465,H-WME-0465-205-NUT BROWN,Y-W-ME-SW-4/6.5-A-205,YARN,Y-,WOOL,W-,MERINO,ME-,SUPER WASH,SW-,4/6.5,4/6.5-,ARTISANAL,A-,NUT BROWN,205,,,,,
H-WME-0465,H-WME-0465-208-CHESTNUT,Y-W-ME-SW-4/6.5-A-208,YARN,Y-,WOOL,W-,MERINO,ME-,SUPER WASH,SW-,4/6.5,4/6.5-,ARTISANAL,A-,CHESTNUT,208,,,,,
H-WME-0465,H-WME-0465-210-TERRACOTA,Y-W-ME-SW-4/6.5-A-210,YARN,Y-,WOOL,W-,MERINO,ME-,SUPER WASH,SW-,4/6.5,4/6.5-,ARTISANAL,A-,TERRACOTA,210,,,,,
H-WME-0465,H-WME-0465-215-CEDAR,Y-W-ME-SW-4/6.5-A-215,YARN,Y-,WOOL,W-,MERINO,ME-,SUPER WASH,SW-,4/6.5,4/6.5-,ARTISANAL,A-,CEDAR,215,,,,,
H-WME-0465,H-WME-0465-221-NUTMEG,Y-W-ME-SW-4/6.5-A-221,YARN,Y-,WOOL,W-,MERINO,ME-,SUPER WASH,SW-,4/6.5,4/6.5-,ARTISANAL,A-,NUTMEG,221,,,,,
H-WME-0465,H-WME-0465-236-BARK,Y-W-ME-SW-4/6.5-A-236,YARN,Y-,WOOL,W-,MERINO,ME-,SUPER WASH,SW-,4/6.5,4/6.5-,ARTISANAL,A-,BARK,236,,,,,
H-WME-0465,H-WME-0465-239-ANTIQUE BRASS,Y-W-ME-SW-4/6.5-A-239,YARN,Y-,WOOL,W-,MERINO,ME-,SUPER WASH,SW-,4/6.5,4/6.5-,ARTISANAL,A-,ANTIQUE BRASS,239,,,,,
H-WME-0465,H-WME-0465-251-HENNA,Y-W-ME-SW-4/6.5-A-251,YARN,Y-,WOOL,W-,MERINO,ME-,SUPER WASH,SW-,4/6.5,4/6.5-,ARTISANAL,A-,HENNA,251,,,,,
H-WME-0465,H-WME-0465-255-STUCCO,Y-W-ME-SW-4/6.5-A-255,YARN,Y-,WOOL,W-,MERINO,ME-,SUPER WASH,SW-,4/6.5,4/6.5-,ARTISANAL,A-,STUCCO,255,,,,,
H-WME-0465,H-WME-0465-267-GRAPHITE,Y-W-ME-SW-4/6.5-A-267,YARN,Y-,WOOL,W-,MERINO,ME-,SUPER WASH,SW-,4/6.5,4/6.5-,ARTISANAL,A-,GRAPHITE,267,,,,,
H-WME-0465,H-WME-0465-271-WINTER CREAM,Y-W-ME-SW-4/6.5-A-271,YARN,Y-,WOOL,W-,MERINO,ME-,SUPER WASH,SW-,4/6.5,4/6.5-,ARTISANAL,A-,WINTER CREAM,271,,,,,
H-WME-0465,H-WME-0465-277-SNOW,Y-W-ME-SW-4/6.5-A-277,YARN,Y-,WOOL,W-,MERINO,ME-,SUPER WASH,SW-,4/6.5,4/6.5-,ARTISANAL,A-,SNOW,277,,,,,
H-WME-0465,H-WME-0465-280-ALABASTER,Y-W-ME-SW-4/6.5-A-280,YARN,Y-,WOOL,W-,MERINO,ME-,SUPER WASH,SW-,4/6.5,4/6.5-,ARTISANAL,A-,ALABASTER,280,,,,,
H-WME-0465,H-WME-0465-286-AUTUMN CONFETTI,Y-W-ME-SW-4/6.5-A-286,YARN,Y-,WOOL,W-,MERINO,ME-,SUPER WASH,SW-,4/6.5,4/6.5-,ARTISANAL,A-,AUTUMN CONFETTI,286,,,,,
H-WME-0465,H-WME-0465-290-CAMEL CONFETTI,Y-W-ME-SW-4/6.5-A-290,YARN,Y-,WOOL,W-,MERINO,ME-,SUPER WASH,SW-,4/6.5,4/6.5-,ARTISANAL,A-,CAMEL CONFETTI,290,,,,,
H-WME-0465,H-WME-0465-295-SEED CON,Y-W-ME-SW-4/6.5-A-295,YARN,Y-,WOOL,W-,MERINO,ME-,SUPER WASH,SW-,4/6.5,4/6.5-,ARTISANAL,A-,SEED CON,295,,,,,
H-WME-0465,H-WME-0465-298-STRING,Y-W-ME-SW-4/6.5-A-298,YARN,Y-,WOOL,W-,MERINO,ME-,SUPER WASH,SW-,4/6.5,4/6.5-,ARTISANAL,A-,STRING,298,,,,,
H-WME-0465,H-WME-0465-300-CAPERS,Y-W-ME-SW-4/6.5-A-300,YARN,Y-,WOOL,W-,MERINO,ME-,SUPER WASH,SW-,4/6.5,4/6.5-,ARTISANAL,A-,CAPERS,300,,,,,
H-WME-0465,H-WME-0465-300R-CAPERS (REJECTED),Y-W-ME-SW-4/6.5-A-300R,YARN,Y-,WOOL,W-,MERINO,ME-,SUPER WASH,SW-,4/6.5,4/6.5-,ARTISANAL,A-,CAPERS REJECTED,300R,,,,,
H-WME-0465,H-WME-0465-305-PISTACHIO,Y-W-ME-SW-4/6.5-A-305,YARN,Y-,WOOL,W-,MERINO,ME-,SUPER WASH,SW-,4/6.5,4/6.5-,ARTISANAL,A-,PISTACHIO,305,,,,,
H-WME-0465,H-WME-0465-315-SAGE,Y-W-ME-SW-4/6.5-A-315,YARN,Y-,WOOL,W-,MERINO,ME-,SUPER WASH,SW-,4/6.5,4/6.5-,ARTISANAL,A-,SAGE,315,,,,,
H-WME-0465,H-WME-0465-320-AMAZON,Y-W-ME-SW-4/6.5-A-320,YARN,Y-,WOOL,W-,MERINO,ME-,SUPER WASH,SW-,4/6.5,4/6.5-,ARTISANAL,A-,AMAZON,320,,,,,
H-WME-0465,H-WME-0465-321-FATIG,Y-W-ME-SW-4/6.5-A-321,YARN,Y-,WOOL,W-,MERINO,ME-,SUPER WASH,SW-,4/6.5,4/6.5-,ARTISANAL,A-,FATIG,321,,,,,
H-WME-0465,H-WME-0465-346-WOODBINE,Y-W-ME-SW-4/6.5-A-346,YARN,Y-,WOOL,W-,MERINO,ME-,SUPER WASH,SW-,4/6.5,4/6.5-,ARTISANAL,A-,WOODBINE,346,,,,,
H-WME-0465,H-WME-0465-347-SAP GREEN,Y-W-ME-SW-4/6.5-A-347,YARN,Y-,WOOL,W-,MERINO,ME-,SUPER WASH,SW-,4/6.5,4/6.5-,ARTISANAL,A-,SAP GREEN,347,,,,,
H-WME-0465,H-WME-0465-348-KELP,Y-W-ME-SW-4/6.5-A-348,YARN,Y-,WOOL,W-,MERINO,ME-,SUPER WASH,SW-,4/6.5,4/6.5-,ARTISANAL,A-,KELP,348,,,,,
H-WME-0465,H-WME-0465-351-SAP GREEN SPACE DYE,Y-W-ME-SW-4/6.5-A-351,YARN,Y-,WOOL,W-,MERINO,ME-,SUPER WASH,SW-,4/6.5,4/6.5-,ARTISANAL,A-,SAP GREEN SPACE DYE,351,,,,,
H-WME-0465,H-WME-0465-352-KELP SPACE DYE,Y-W-ME-SW-4/6.5-A-352,YARN,Y-,WOOL,W-,MERINO,ME-,SUPER WASH,SW-,4/6.5,4/6.5-,ARTISANAL,A-,KELP SPACE DYE,352,,,,,
H-WME-0465,H-WME-0465-353-SADDLES SPACE DYE,Y-W-ME-SW-4/6.5-A-353,YARN,Y-,WOOL,W-,MERINO,ME-,SUPER WASH,SW-,4/6.5,4/6.5-,ARTISANAL,A-,SADDLES SPACE DYE,353,,,,,
H-WME-0465,H-WME-0465-370-LICHEN (WINTER MOSS),Y-W-ME-SW-4/6.5-A-370,YARN,Y-,WOOL,W-,MERINO,ME-,SUPER WASH,SW-,4/6.5,4/6.5-,ARTISANAL,A-,LICHEN (WINTER MOSS),370,,,,,
H-WME-0465,H-WME-0465-374-BASIL,Y-W-ME-SW-4/6.5-A-374,YARN,Y-,WOOL,W-,MERINO,ME-,SUPER WASH,SW-,4/6.5,4/6.5-,ARTISANAL,A-,BASIL,374,,,,,
H-WME-0465,H-WME-0465-375-LEAF,Y-W-ME-SW-4/6.5-A-375,YARN,Y-,WOOL,W-,MERINO,ME-,SUPER WASH,SW-,4/6.5,4/6.5-,ARTISANAL,A-,LEAF,375,,,,,
H-WME-0465,H-WME-0465-387-LAUREL,Y-W-ME-SW-4/6.5-A-387,YARN,Y-,WOOL,W-,MERINO,ME-,SUPER WASH,SW-,4/6.5,4/6.5-,ARTISANAL,A-,LAUREL,387,,,,,
H-WME-0465,H-WME-0465-393-EMERALD,Y-W-ME-SW-4/6.5-A-393,YARN,Y-,WOOL,W-,MERINO,ME-,SUPER WASH,SW-,4/6.5,4/6.5-,ARTISANAL,A-,EMERALD,393,,,,,
H-WME-0465,H-WME-0465-394-SPRIG,Y-W-ME-SW-4/6.5-A-394,YARN,Y-,WOOL,W-,MERINO,ME-,SUPER WASH,SW-,4/6.5,4/6.5-,ARTISANAL,A-,SPRIG,394,,,,,
H-WME-0465,H-WME-0465-395-COAL,Y-W-ME-SW-4/6.5-A-395,YARN,Y-,WOOL,W-,MERINO,ME-,SUPER WASH,SW-,4/6.5,4/6.5-,ARTISANAL,A-,COAL,395,,,,,
H-WME-0465,H-WME-0465-396-RED FLAME,Y-W-ME-SW-4/6.5-A-396,YARN,Y-,WOOL,W-,MERINO,ME-,SUPER WASH,SW-,4/6.5,4/6.5-,ARTISANAL,A-,RED FLAME,396,,,,,
H-WME-0465,H-WME-0465-398-STONE GREEN,Y-W-ME-SW-4/6.5-A-398,YARN,Y-,WOOL,W-,MERINO,ME-,SUPER WASH,SW-,4/6.5,4/6.5-,ARTISANAL,A-,STONE GREEN,398,,,,,
H-WME-0465,H-WME-0465-3B2-ROSE VIOLET,Y-W-ME-SW-4/6.5-A-3B2,YARN,Y-,WOOL,W-,MERINO,ME-,SUPER WASH,SW-,4/6.5,4/6.5-,ARTISANAL,A-,ROSE VIOLET,3B2,,,,,
H-WME-0465,H-WME-0465-3B3-KEEPSAKE VIOLET,Y-W-ME-SW-4/6.5-A-3B3,YARN,Y-,WOOL,W-,MERINO,ME-,SUPER WASH,SW-,4/6.5,4/6.5-,ARTISANAL,A-,KEEPSAKE VIOLET,3B3,,,,,
H-WME-0465,H-WME-0465-3B4-GARDEN GREEN,Y-W-ME-SW-4/6.5-A-3B4,YARN,Y-,WOOL,W-,MERINO,ME-,SUPER WASH,SW-,4/6.5,4/6.5-,ARTISANAL,A-,GARDEN GREEN,3B4,,,,,
H-WME-0465,H-WME-0465-3B5-SCARAB,Y-W-ME-SW-4/6.5-A-3B5,YARN,Y-,WOOL,W-,MERINO,ME-,SUPER WASH,SW-,4/6.5,4/6.5-,ARTISANAL,A-,SCARAB,3B5,,,,,
H-WME-0465,H-WME-0465-3B6-DELPHINIUM BLUE,Y-W-ME-SW-4/6.5-A-3B6,YARN,Y-,WOOL,W-,MERINO,ME-,SUPER WASH,SW-,4/6.5,4/6.5-,ARTISANAL,A-,DELPHINIUM BLUE,3B6,,,,,
H-WME-0465,H-WME-0465-3B7-BLUE SAPPHIRE,Y-W-ME-SW-4/6.5-A-3B7,YARN,Y-,WOOL,W-,MERINO,ME-,SUPER WASH,SW-,4/6.5,4/6.5-,ARTISANAL,A-,BLUE SAPPHIRE,3B7,,,,,
H-WME-0465,H-WME-0465-3B8-DESERT PALM,Y-W-ME-SW-4/6.5-A-3B8,YARN,Y-,WOOL,W-,MERINO,ME-,SUPER WASH,SW-,4/6.5,4/6.5-,ARTISANAL,A-,DESERT PALM,3B8,,,,,
H-WME-0465,H-WME-0465-3B9-TAPENADE,Y-W-ME-SW-4/6.5-A-3B9,YARN,Y-,WOOL,W-,MERINO,ME-,SUPER WASH,SW-,4/6.5,4/6.5-,ARTISANAL,A-,TAPENADE,3B9,,,,,
H-WME-0465,H-WME-0465-3BA-TWILIGHT MAUVE,Y-W-ME-SW-4/6.5-A-3BA,YARN,Y-,WOOL,W-,MERINO,ME-,SUPER WASH,SW-,4/6.5,4/6.5-,ARTISANAL,A-,TWILIGHT MAUVE,3BA,,,,,
H-WME-0465,H-WME-0465-3BB-SHELL,Y-W-ME-SW-4/6.5-A-3BB,YARN,Y-,WOOL,W-,MERINO,ME-,SUPER WASH,SW-,4/6.5,4/6.5-,ARTISANAL,A-,SHELL,3BB,,,,,
H-WME-0465,H-WME-0465-3BC-GEMSTONE SPACE DYE,Y-W-ME-SW-4/6.5-A-3BC,YARN,Y-,WOOL,W-,MERINO,ME-,SUPER WASH,SW-,4/6.5,4/6.5-,ARTISANAL,A-,GEMSTONE SPACE DYE,3BC,,,,,
H-WME-0465,H-WME-0465-3BD-PASTEL SPACE DYE,Y-W-ME-SW-4/6.5-A-3BD,YARN,Y-,WOOL,W-,MERINO,ME-,SUPER WASH,SW-,4/6.5,4/6.5-,ARTISANAL,A-,PASTEL SPACE DYE,3BD,,,,,
H-WME-0465,H-WME-0465-3BE-BETTA FISH SPACE DYE,Y-W-ME-SW-4/6.5-A-3BE,YARN,Y-,WOOL,W-,MERINO,ME-,SUPER WASH,SW-,4/6.5,4/6.5-,ARTISANAL,A-,BETTA FISH SPACE DYE,3BE,,,,,
H-WME-0465,H-WME-0465-403-BLUEBERRY,Y-W-ME-SW-4/6.5-A-403,YARN,Y-,WOOL,W-,MERINO,ME-,SUPER WASH,SW-,4/6.5,4/6.5-,ARTISANAL,A-,BLUEBERRY,403,,,,,
H-WME-0465,H-WME-0465-403/298-BLUEBERRY + STRING,Y-W-ME-SW-4/6.5-A-403/298,YARN,Y-,WOOL,W-,MERINO,ME-,SUPER WASH,SW-,4/6.5,4/6.5-,ARTISANAL,A-,BLUEBERRY + STRING,403/298,,,,,
H-WME-0465,H-WME-0465-415-SKY BLUE,Y-W-ME-SW-4/6.5-A-415,YARN,Y-,WOOL,W-,MERINO,ME-,SUPER WASH,SW-,4/6.5,4/6.5-,ARTISANAL,A-,SKY BLUE,415,,,,,
H-WME-0465,H-WME-0465-416-HAND DYE INDIGO,Y-W-ME-SW-4/6.5-A-416,YARN,Y-,WOOL,W-,MERINO,ME-,SUPER WASH,SW-,4/6.5,4/6.5-,ARTISANAL,A-,HAND DYE INDIGO,416,,,,,
H-WME-0465,H-WME-0465-417-SEMI-SOLID INDIGO,Y-W-ME-SW-4/6.5-A-417,YARN,Y-,WOOL,W-,MERINO,ME-,SUPER WASH,SW-,4/6.5,4/6.5-,ARTISANAL,A-,SEMI-SOLID INDIGO,417,,,,,
H-WME-0465,H-WME-0465-420-INK,Y-W-ME-SW-4/6.5-A-420,YARN,Y-,WOOL,W-,MERINO,ME-,SUPER WASH,SW-,4/6.5,4/6.5-,ARTISANAL,A-,INK,420,,,,,
H-WME-0465,H-WME-0465-421-MOONLIGHT,Y-W-ME-SW-4/6.5-A-421,YARN,Y-,WOOL,W-,MERINO,ME-,SUPER WASH,SW-,4/6.5,4/6.5-,ARTISANAL,A-,MOONLIGHT,421,,,,,
H-WME-0465,H-WME-0465-430-CARBON,Y-W-ME-SW-4/6.5-A-430,YARN,Y-,WOOL,W-,MERINO,ME-,SUPER WASH,SW-,4/6.5,4/6.5-,ARTISANAL,A-,CARBON,430,,,,,
H-WME-0465,H-WME-0465-443-SILVER BLUE,Y-W-ME-SW-4/6.5-A-443,YARN,Y-,WOOL,W-,MERINO,ME-,SUPER WASH,SW-,4/6.5,4/6.5-,ARTISANAL,A-,SILVER BLUE,443,,,,,
H-WME-0465,H-WME-0465-444-IBIZA BLUE,Y-W-ME-SW-4/6.5-A-444,YARN,Y-,WOOL,W-,MERINO,ME-,SUPER WASH,SW-,4/6.5,4/6.5-,ARTISANAL,A-,IBIZA BLUE,444,,,,,
H-WME-0465,H-WME-0465-446-NIGHT SKY,Y-W-ME-SW-4/6.5-A-446,YARN,Y-,WOOL,W-,MERINO,ME-,SUPER WASH,SW-,4/6.5,4/6.5-,ARTISANAL,A-,NIGHT SKY,446,,,,,
H-WME-0465,H-WME-0465-453-MARINE BLUE,Y-W-ME-SW-4/6.5-A-453,YARN,Y-,WOOL,W-,MERINO,ME-,SUPER WASH,SW-,4/6.5,4/6.5-,ARTISANAL,A-,MARINE BLUE,453,,,,,
H-WME-0465,H-WME-0465-456-LAKE,Y-W-ME-SW-4/6.5-A-456,YARN,Y-,WOOL,W-,MERINO,ME-,SUPER WASH,SW-,4/6.5,4/6.5-,ARTISANAL,A-,LAKE,456,,,,,
H-WME-0465,H-WME-0465-459-EVENING BLUE,Y-W-ME-SW-4/6.5-A-459,YARN,Y-,WOOL,W-,MERINO,ME-,SUPER WASH,SW-,4/6.5,4/6.5-,ARTISANAL,A-,EVENING BLUE,459,,,,,
H-WME-0465,H-WME-0465-460-COBALT,Y-W-ME-SW-4/6.5-A-460,YARN,Y-,WOOL,W-,MERINO,ME-,SUPER WASH,SW-,4/6.5,4/6.5-,ARTISANAL,A-,COBALT,460,,,,,
H-WME-0465,H-WME-0465-464-MIDNIGHT,Y-W-ME-SW-4/6.5-A-464,YARN,Y-,WOOL,W-,MERINO,ME-,SUPER WASH,SW-,4/6.5,4/6.5-,ARTISANAL,A-,MIDNIGHT,464,,,,,
H-WME-0465,H-WME-0465-469-BLUE SMOKE,Y-W-ME-SW-4/6.5-A-469,YARN,Y-,WOOL,W-,MERINO,ME-,SUPER WASH,SW-,4/6.5,4/6.5-,ARTISANAL,A-,BLUE SMOKE,469,,,,,
H-WME-0465,H-WME-0465-537-SADDLE,Y-W-ME-SW-4/6.5-A-537,YARN,Y-,WOOL,W-,MERINO,ME-,SUPER WASH,SW-,4/6.5,4/6.5-,ARTISANAL,A-,SADDLE,537,,,,,
H-WME-0465,H-WME-0465-540-VIOLET,Y-W-ME-SW-4/6.5-A-540,YARN,Y-,WOOL,W-,MERINO,ME-,SUPER WASH,SW-,4/6.5,4/6.5-,ARTISANAL,A-,VIOLET,540,,,,,
H-WME-0465,H-WME-0465-555-PLUM,Y-W-ME-SW-4/6.5-A-555,YARN,Y-,WOOL,W-,MERINO,ME-,SUPER WASH,SW-,4/6.5,4/6.5-,ARTISANAL,A-,PLUM,555,,,,,
H-WME-0465,H-WME-0465-577-PERIWINKLE,Y-W-ME-SW-4/6.5-A-577,YARN,Y-,WOOL,W-,MERINO,ME-,SUPER WASH,SW-,4/6.5,4/6.5-,ARTISANAL,A-,PERIWINKLE,577,,,,,
H-WME-0465,H-WME-0465-578-ORCHID,Y-W-ME-SW-4/6.5-A-578,YARN,Y-,WOOL,W-,MERINO,ME-,SUPER WASH,SW-,4/6.5,4/6.5-,ARTISANAL,A-,ORCHID,578,,,,,
H-WME-0465,H-WME-0465-592-DESERT SPACE DYE,Y-W-ME-SW-4/6.5-A-592,YARN,Y-,WOOL,W-,MERINO,ME-,SUPER WASH,SW-,4/6.5,4/6.5-,ARTISANAL,A-,DESERT SPACE DYE,592,,,,,
H-WME-0465,H-WME-0465-605 - BRICK,Y-W-ME-SW-4/6.5-A-605,YARN,Y-,WOOL,W-,MERINO,ME-,SUPER WASH,SW-,4/6.5,4/6.5-,ARTISANAL,A-,BRICK,605,,,,,
H-WME-0465,H-WME-0465-606-MADDER ROOT (EX MADDER BROWN),Y-W-ME-SW-4/6.5-A-606,YARN,Y-,WOOL,W-,MERINO,ME-,SUPER WASH,SW-,4/6.5,4/6.5-,ARTISANAL,A-,MADDER ROOT (EX MADDER BROWN),606,,,,,
H-WME-0465,H-WME-0465-607-FIG,Y-W-ME-SW-4/6.5-A-607,YARN,Y-,WOOL,W-,MERINO,ME-,SUPER WASH,SW-,4/6.5,4/6.5-,ARTISANAL,A-,FIG,607,,,,,
H-WME-0465,H-WME-0465-608-BERRY,Y-W-ME-SW-4/6.5-A-608,YARN,Y-,WOOL,W-,MERINO,ME-,SUPER WASH,SW-,4/6.5,4/6.5-,ARTISANAL,A-,BERRY,608,,,,,
H-WME-0465,H-WME-0465-609-FUCHSIA,Y-W-ME-SW-4/6.5-A-609,YARN,Y-,WOOL,W-,MERINO,ME-,SUPER WASH,SW-,4/6.5,4/6.5-,ARTISANAL,A-,FUCHSIA,609,,,,,
H-WME-0465,H-WME-0465-610-CINNAMON,Y-W-ME-SW-4/6.5-A-610,YARN,Y-,WOOL,W-,MERINO,ME-,SUPER WASH,SW-,4/6.5,4/6.5-,ARTISANAL,A-,CINNAMON,610,,,,,
H-WME-0465,H-WME-0465-611-PERSIMON,Y-W-ME-SW-4/6.5-A-611,YARN,Y-,WOOL,W-,MERINO,ME-,SUPER WASH,SW-,4/6.5,4/6.5-,ARTISANAL,A-,PERSIMON,611,,,,,
H-WME-0465,H-WME-0465-612-HOT RED,Y-W-ME-SW-4/6.5-A-612,YARN,Y-,WOOL,W-,MERINO,ME-,SUPER WASH,SW-,4/6.5,4/6.5-,ARTISANAL,A-,HOT RED,612,,,,,
H-WME-0465,H-WME-0465-621-CRAMBERRY,Y-W-ME-SW-4/6.5-A-621,YARN,Y-,WOOL,W-,MERINO,ME-,SUPER WASH,SW-,4/6.5,4/6.5-,ARTISANAL,A-,CRAMBERRY,621,,,,,
H-WME-0465,H-WME-0465-624-BRIGHT RED,Y-W-ME-SW-4/6.5-A-624,YARN,Y-,WOOL,W-,MERINO,ME-,SUPER WASH,SW-,4/6.5,4/6.5-,ARTISANAL,A-,BRIGHT RED,624,,,,,
H-WME-0465,H-WME-0465-638-Cardinal,Y-W-ME-SW-4/6.5-A-638,YARN,Y-,WOOL,W-,MERINO,ME-,SUPER WASH,SW-,4/6.5,4/6.5-,ARTISANAL,A-,Cardinal,638,,,,,
H-WME-0465,H-WME-0465-639-CLAYSTONE,Y-W-ME-SW-4/6.5-A-639,YARN,Y-,WOOL,W-,MERINO,ME-,SUPER WASH,SW-,4/6.5,4/6.5-,ARTISANAL,A-,CLAYSTONE,639,,,,,
H-WME-0465,H-WME-0465-640-Garnet,Y-W-ME-SW-4/6.5-A-640,YARN,Y-,WOOL,W-,MERINO,ME-,SUPER WASH,SW-,4/6.5,4/6.5-,ARTISANAL,A-,Garnet,640,,,,,
H-WME-0465,H-WME-0465-641-DESERT SAND,Y-W-ME-SW-4/6.5-A-641,YARN,Y-,WOOL,W-,MERINO,ME-,SUPER WASH,SW-,4/6.5,4/6.5-,ARTISANAL,A-,DESERT SAND,641,,,,,
H-WME-0465,H-WME-0465-642-HAZEL,Y-W-ME-SW-4/6.5-A-642,YARN,Y-,WOOL,W-,MERINO,ME-,SUPER WASH,SW-,4/6.5,4/6.5-,ARTISANAL,A-,HAZEL,642,,,,,
H-WME-0465,H-WME-0465-654-PALE MAUVE,Y-W-ME-SW-4/6.5-A-654,YARN,Y-,WOOL,W-,MERINO,ME-,SUPER WASH,SW-,4/6.5,4/6.5-,ARTISANAL,A-,PALE MAUVE,654,,,,,
H-WME-0465,H-WME-0465-657-MISTY ROSE,Y-W-ME-SW-4/6.5-A-657,YARN,Y-,WOOL,W-,MERINO,ME-,SUPER WASH,SW-,4/6.5,4/6.5-,ARTISANAL,A-,MISTY ROSE,657,,,,,
H-WME-0465,H-WME-0465-657-TAUPE,Y-W-ME-SW-4/6.5-A-657,YARN,Y-,WOOL,W-,MERINO,ME-,SUPER WASH,SW-,4/6.5,4/6.5-,ARTISANAL,A-,MISTY ROSE,657,,,,,
H-WME-0465,H-WME-0465-665-PINK LAVENDER,Y-W-ME-SW-4/6.5-A-665,YARN,Y-,WOOL,W-,MERINO,ME-,SUPER WASH,SW-,4/6.5,4/6.5-,ARTISANAL,A-,PINK LAVENDER,665,,,,,
H-WME-0465,H-WME-0465-670-ANTIQUE ROSE,Y-W-ME-SW-4/6.5-A-670,YARN,Y-,WOOL,W-,MERINO,ME-,SUPER WASH,SW-,4/6.5,4/6.5-,ARTISANAL,A-,ANTIQUE ROSE,670,,,,,
H-WME-0465,H-WME-0465-671-GRAPEFRUIT,Y-W-ME-SW-4/6.5-A-671,YARN,Y-,WOOL,W-,MERINO,ME-,SUPER WASH,SW-,4/6.5,4/6.5-,ARTISANAL,A-,GRAPEFRUIT,671,,,,,
H-WME-0465,H-WME-0465-677-ORIGINAL WINTER WHEAT,Y-W-ME-SW-4/6.5-A-677,YARN,Y-,WOOL,W-,MERINO,ME-,SUPER WASH,SW-,4/6.5,4/6.5-,ARTISANAL,A-,ORIGINAL WINTER WHEAT,677,,,,,
H-WME-0465,H-WME-0465-678-NUTMEG,Y-W-ME-SW-4/6.5-A-678,YARN,Y-,WOOL,W-,MERINO,ME-,SUPER WASH,SW-,4/6.5,4/6.5-,ARTISANAL,A-,NUTMEG,678,,,,,
H-WME-0465,H-WME-0465-679-SLATE,Y-W-ME-SW-4/6.5-A-679,YARN,Y-,WOOL,W-,MERINO,ME-,SUPER WASH,SW-,4/6.5,4/6.5-,ARTISANAL,A-,SLATE,679,,,,,
H-WME-0465,H-WME-0465-680-ROSE GOLD,Y-W-ME-SW-4/6.5-A-680,YARN,Y-,WOOL,W-,MERINO,ME-,SUPER WASH,SW-,4/6.5,4/6.5-,ARTISANAL,A-,ROSE GOLD,680,,,,,
H-WME-0465,H-WME-0465-689-COPPER TAN,Y-W-ME-SW-4/6.5-A-689,YARN,Y-,WOOL,W-,MERINO,ME-,SUPER WASH,SW-,4/6.5,4/6.5-,ARTISANAL,A-,COPPER TAN,689,,,,,
H-WME-0465,H-WME-0465-694-RED FLAME,Y-W-ME-SW-4/6.5-A-694,YARN,Y-,WOOL,W-,MERINO,ME-,SUPER WASH,SW-,4/6.5,4/6.5-,ARTISANAL,A-,RED FLAME,694,,,,,
H-WME-0465,H-WME-0465-695-FADED ROSE,Y-W-ME-SW-4/6.5-A-695,YARN,Y-,WOOL,W-,MERINO,ME-,SUPER WASH,SW-,4/6.5,4/6.5-,ARTISANAL,A-,FADED ROSE,695,,,,,
H-WME-0465,H-WME-0465-698-DUNE,Y-W-ME-SW-4/6.5-A-698,YARN,Y-,WOOL,W-,MERINO,ME-,SUPER WASH,SW-,4/6.5,4/6.5-,ARTISANAL,A-,DUNE,698,,,,,
H-WME-0465,H-WME-0465-703-WINTER WHEAT,Y-W-ME-SW-4/6.5-A-703,YARN,Y-,WOOL,W-,MERINO,ME-,SUPER WASH,SW-,4/6.5,4/6.5-,ARTISANAL,A-,WINTER WHEAT,703,,,,,
H-WME-0465,H-WME-0465-704-PENCIL,Y-W-ME-SW-4/6.5-A-704,YARN,Y-,WOOL,W-,MERINO,ME-,SUPER WASH,SW-,4/6.5,4/6.5-,ARTISANAL,A-,PENCIL,704,,,,,
H-WME-0465,H-WME-0465-706-DIJON,Y-W-ME-SW-4/6.5-A-706,YARN,Y-,WOOL,W-,MERINO,ME-,SUPER WASH,SW-,4/6.5,4/6.5-,ARTISANAL,A-,DIJON,706,,,,,
H-WME-0465,H-WME-0465-708-CITRON,Y-W-ME-SW-4/6.5-A-708,YARN,Y-,WOOL,W-,MERINO,ME-,SUPER WASH,SW-,4/6.5,4/6.5-,ARTISANAL,A-,CITRON,708,,,,,
H-WME-0465,H-WME-0465-710-SPUN GOLD,Y-W-ME-SW-4/6.5-A-710,YARN,Y-,WOOL,W-,MERINO,ME-,SUPER WASH,SW-,4/6.5,4/6.5-,ARTISANAL,A-,SPUN GOLD,710,,,,,
H-WME-0465,H-WME-0465-714-MARIGOLD,Y-W-ME-SW-4/6.5-A-714,YARN,Y-,WOOL,W-,MERINO,ME-,SUPER WASH,SW-,4/6.5,4/6.5-,ARTISANAL,A-,MARIGOLD,714,,,,,
H-WME-0465,H-WME-0465-733-SUNDRESS,Y-W-ME-SW-4/6.5-A-733,YARN,Y-,WOOL,W-,MERINO,ME-,SUPER WASH,SW-,4/6.5,4/6.5-,ARTISANAL,A-,SUNDRESS,733,,,,,
H-WME-0465,H-WME-0465-762-NUTSHELL,Y-W-ME-SW-4/6.5-A-762,YARN,Y-,WOOL,W-,MERINO,ME-,SUPER WASH,SW-,4/6.5,4/6.5-,ARTISANAL,A-,NUTSHELL,762,,,,,
H-WME-0465,H-WME-0465-769-TAWNY OLIVE,Y-W-ME-SW-4/6.5-A-769,YARN,Y-,WOOL,W-,MERINO,ME-,SUPER WASH,SW-,4/6.5,4/6.5-,ARTISANAL,A-,TAWNY OLIVE,769,,,,,
H-WME-0465,H-WME-0465-771- MANGO,Y-W-ME-SW-4/6.5-A-771,YARN,Y-,WOOL,W-,MERINO,ME-,SUPER WASH,SW-,4/6.5,4/6.5-,ARTISANAL,A-,MANGO,771,,,,,
H-WME-0465,H-WME-0465-772-MARIGOLD,Y-W-ME-SW-4/6.5-A-772,YARN,Y-,WOOL,W-,MERINO,ME-,SUPER WASH,SW-,4/6.5,4/6.5-,ARTISANAL,A-,MARIGOLD,772,,,,,
H-WME-0465,H-WME-0465-783-WINTER WHITE,Y-W-ME-SW-4/6.5-A-783,YARN,Y-,WOOL,W-,MERINO,ME-,SUPER WASH,SW-,4/6.5,4/6.5-,ARTISANAL,A-,WINTER WHITE,783,,,,,
H-WME-0465,H-WME-0465-867-BLUSH,Y-W-ME-SW-4/6.5-A-867,YARN,Y-,WOOL,W-,MERINO,ME-,SUPER WASH,SW-,4/6.5,4/6.5-,ARTISANAL,A-,BLUSH,867,,,,,
H-WME-0465,H-WME-0465-891-BURNT ORANGE,Y-W-ME-SW-4/6.5-A-891,YARN,Y-,WOOL,W-,MERINO,ME-,SUPER WASH,SW-,4/6.5,4/6.5-,ARTISANAL,A-,BURNT ORANGE,891,,,,,
H-WME-0465,H-WME-0465-898-RED ORANGE,Y-W-ME-SW-4/6.5-A-898,YARN,Y-,WOOL,W-,MERINO,ME-,SUPER WASH,SW-,4/6.5,4/6.5-,ARTISANAL,A-,RED ORANGE,898,,,,,
H-WME-0465,H-WME-0465-899-SANDSTONE,Y-W-ME-SW-4/6.5-A-899,YARN,Y-,WOOL,W-,MERINO,ME-,SUPER WASH,SW-,4/6.5,4/6.5-,ARTISANAL,A-,SANDSTONE,899,,,,,
H-WME-0465,H-WME-0465-907-SNOWFLAKE CONFETTI,Y-W-ME-SW-4/6.5-A-907,YARN,Y-,WOOL,W-,MERINO,ME-,SUPER WASH,SW-,4/6.5,4/6.5-,ARTISANAL,A-,SNOWFLAKE CONFETTI,907,,,,,
H-WME-0465,H-WME-0465-908-CONFETTI,Y-W-ME-SW-4/6.5-A-908,YARN,Y-,WOOL,W-,MERINO,ME-,SUPER WASH,SW-,4/6.5,4/6.5-,ARTISANAL,A-,CONFETTI,908,,,,,
H-WME-0465,H-WME-0465-911 - FRUITCAKE SPACE DYE,Y-W-ME-SW-4/6.5-A-911,YARN,Y-,WOOL,W-,MERINO,ME-,SUPER WASH,SW-,4/6.5,4/6.5-,ARTISANAL,A-,FRUITCAKE SPACE DYE,911,,,,,
H-WME-0465,H-WME-0465-911R-FRUITCAKE SPACE DYE (R),Y-W-ME-SW-4/6.5-A-911R,YARN,Y-,WOOL,W-,MERINO,ME-,SUPER WASH,SW-,4/6.5,4/6.5-,ARTISANAL,A-,FRUITCAKE SPACE DYE REJECTED,911R,,,,,
H-WME-0465,H-WME-0465-912-HOLLY SPACE DYE,Y-W-ME-SW-4/6.5-A-912,YARN,Y-,WOOL,W-,MERINO,ME-,SUPER WASH,SW-,4/6.5,4/6.5-,ARTISANAL,A-,HOLLY SPACE DYE,912,,,,,
H-WME-0465,H-WME-0465-913-ICE SPACE DYE,Y-W-ME-SW-4/6.5-A-913,YARN,Y-,WOOL,W-,MERINO,ME-,SUPER WASH,SW-,4/6.5,4/6.5-,ARTISANAL,A-,ICE SPACE DYE,913,,,,,
H-WME-0465,H-WME-0465-949-SOLSTICE SPACE DYE,Y-W-ME-SW-4/6.5-A-949,YARN,Y-,WOOL,W-,MERINO,ME-,SUPER WASH,SW-,4/6.5,4/6.5-,ARTISANAL,A-,SOLSTICE SPACE DYE,949,,,,,
H-WME-0465,H-WME-0465-953-PRIMARY SPACE DYE,Y-W-ME-SW-4/6.5-A-953,YARN,Y-,WOOL,W-,MERINO,ME-,SUPER WASH,SW-,4/6.5,4/6.5-,ARTISANAL,A-,PRIMARY SPACE DYE,953,,,,,
H-WME-0465,H-WME-0465-963-WINTER SPACE DYE,Y-W-ME-SW-4/6.5-A-963,YARN,Y-,WOOL,W-,MERINO,ME-,SUPER WASH,SW-,4/6.5,4/6.5-,ARTISANAL,A-,WINTER SPACE DYE,963,,,,,
H-WME-0465,H-WME-0465-984-GINGERBREAD SPACE DYE,Y-W-ME-SW-4/6.5-A-984,YARN,Y-,WOOL,W-,MERINO,ME-,SUPER WASH,SW-,4/6.5,4/6.5-,ARTISANAL,A-,GINGERBREAD SPACE DYE,984,,,,,
H-WME-0465,H-WME-0465-999-ORIGINAL SPACE-DYE,Y-W-ME-SW-4/6.5-A-999,YARN,Y-,WOOL,W-,MERINO,ME-,SUPER WASH,SW-,4/6.5,4/6.5-,ARTISANAL,A-,ORIGINAL SPACE-DYE,999,,,,,
,,,,,,,,,,,,,,,,,,,,,
